[{"pId":1001,"pName":"Oil - Truffle, Black","price":29.13},
{"pId":1002,"pName":"Rye Special Old","price":3.3},
{"pId":1003,"pName":"Dome Lid Clear P92008h","price":65.55},
{"pId":1004,"pName":"Pail With Metal Handle 16l White","price":17.4},
{"pId":1005,"pName":"Coconut - Shredded, Sweet","price":12.16},
{"pId":1006,"pName":"Tart Shells - Savory, 4","price":68.12},
{"pId":1007,"pName":"Juice - Propel Sport","price":2.79},
{"pId":1008,"pName":"Wine - Baron De Rothschild","price":87.72},
{"pId":1009,"pName":"Pork - Side Ribs","price":23.76},
{"pId":1010,"pName":"Pop - Club Soda Can","price":70.32},
{"pId":1011,"pName":"Pork - Back Ribs","price":4.27},
{"pId":1012,"pName":"Icecream - Dibs","price":29.73},
{"pId":1013,"pName":"Table Cloth 62x120 Colour","price":64.99},
{"pId":1014,"pName":"Pork Salted Bellies","price":13.45},
{"pId":1015,"pName":"Lobster - Tail 6 Oz","price":78.46},
{"pId":1016,"pName":"Beef - Short Loin","price":43.34},
{"pId":1017,"pName":"Stock - Veal, Brown","price":34.17},
{"pId":1018,"pName":"Pasta - Fett Alfredo, Single Serve","price":36.13},
{"pId":1019,"pName":"Tomatoes - Vine Ripe, Red","price":82.28},
{"pId":1020,"pName":"Soup - Campbells Beef Strogonoff","price":99.93}]